<!DOCTYPE StreamControl>
<items>
 <timestamp>1564332241</timestamp>
 <cTitle1><![CDATA[]]></cTitle1>
 <cTitle2><![CDATA[]]></cTitle2>
 <mText1><![CDATA[]]></mText1>
 <mText2><![CDATA[]]></mText2>
 <mText3><![CDATA[]]></mText3>
 <mText4><![CDATA[]]></mText4>
 <pCountry1><![CDATA[Indonesia]]></pCountry1>
 <pCountry2><![CDATA[Indonesia]]></pCountry2>
 <pName1><![CDATA[L_Z_N]]></pName1>
 <pName2><![CDATA[Naruto]]></pName2>
 <pScore1>0</pScore1>
 <pScore2>0</pScore2>
 <game><![CDATA[Tekken 7]]></game>
</items>
